Sr No,Phase,Use Case,Use Case Description,Expected Benefits,Role,Technology,Practice Applicability,Priority,Status,Complexity,Effort Estimate,ROI Potential,Implementation Timeline
1,Requirements,Automatic generation of project requirements,AI analyzes initial project inputs to auto-generate detailed requirement documents,Saves time on requirement gathering | Reduces risk of missing critical requirements | Improves documentation consistency,Business Analyst;#Organic Analyst,Copilot for Microsoft 365;#SAP Joule for Consultants,ADM;#C&CA;#PBS,High,In Progress,Medium,XS (1-2 days),Medium,20 weeks
2,Requirements,Sentiment analysis on user feedback for requirements,NLP parses user feedback to identify pain points and feature requests,Identifies common pain points | Helps prioritize features by sentiment | Improves alignment with user needs,Business Analyst;#Organic Analyst;#Project Manager,Copilot for Microsoft 365;#SAP Joule for Consultants,ADM;#C&CA,Medium,Not Started,Low,XS (1-2 days),Low,6 weeks
3,Requirements,NLP-based requirement clarification,AI parses complex requirement documents and suggests clarifications,Reduces ambiguity in requirements | Ensures completeness | Enhances stakeholder understanding,Business Analyst;#Organic Analyst,Copilot for Microsoft 365;#SAP Joule for Consultants,ADM;#C&CA,Medium,Not Started,Medium,L (3-4 weeks),Low,2 weeks
4,Requirements,Risk identification in requirements using AI,AI scans requirements for ambiguous or conflicting language and flags risks,Detects conflicting requirements early | Mitigates project risks proactively | Improves quality of specs,Business Analyst;#Organic Analyst;#Project Manager,Copilot for Microsoft 365;#SAP Joule for Consultants;#Amplifier,ADM;#C&CA;#PBS,Medium,Not Started,Low,XS (1-2 days),Medium,20 weeks
5,Requirements,High-level and low-level design doc generation,AI generates markdown-based design documents from requirement inputs,Accelerates documentation | Improves consistency | Reduces manual writing effort,Business Analyst;#Organic Analyst,Copilot for Microsoft 365;#SAP Joule for Consultants;#Amplifier,ADM;#C&CA;#PBS,Medium,Not Started,Medium,L (3-4 weeks),Medium,16 weeks
6,Requirements,User story generation from requirements,AI converts raw requirements into structured user stories with acceptance criteria,Speeds up backlog creation | Standardizes story format | Reduces BA effort,Business Analyst;#Organic Analyst;#Project Manager,Copilot for Microsoft 365;#SAP Joule for Consultants,ADM;#C&CA,Medium,Not Started,Low,XS (1-2 days),Low,12 weeks
7,Requirements,Business Requirement Document (BRD) creation,AI drafts BRD and FSD documents based on stakeholder interviews,Reduces time-to-BRD | Improves stakeholder alignment | Ensures completeness,Business Analyst;#Organic Analyst;#Project Manager,Copilot for Microsoft 365;#SAP Joule for Consultants,ADM;#C&CA;#PBS,High,Completed,Low,XL (1+ months),Low,6 weeks
8,Requirements,Gap identification in requirements,AI compares existing requirements with industry standards to identify gaps,Ensures comprehensive coverage | Reduces rework | Improves delivery quality,Business Analyst;#Organic Analyst;#Project Manager,Copilot for Microsoft 365;#SAP Joule for Consultants,ADM;#C&CA,High,On Hold,Low,S (3-5 days),Medium,2 weeks
9,Requirements,Requirement traceability matrix generation,AI auto-links requirements to test cases and design artifacts,Ensures full traceability | Reduces manual linking effort | Improves audit readiness,Business Analyst;#Organic Analyst;#Project Manager,Copilot for Microsoft 365;#SAP Joule for Consultants,ADM;#C&CA;#PBS,High,On Hold,Low,S (3-5 days),Very High,16 weeks
10,Requirements,Stakeholder interview summarization,AI summarizes stakeholder interviews and extracts actionable requirements,Saves time on note-taking | Ensures nothing is missed | Accelerates kick-off phase,Business Analyst;#Organic Analyst,Copilot for Microsoft 365;#SAP Joule for Consultants;#Amplifier,ADM;#C&CA;#PBS,High,In Progress,Medium,XS (1-2 days),High,4 weeks
11,Architecture & Design,Creating UML diagrams using VSCode extensions,AI-assisted UML generation directly within the development environment,Speeds up architecture documentation | Reduces diagramming errors | Improves team communication,Architect;#Business Analyst,Copilot for Microsoft 365;#Microsoft GitHub Copilot;#SAP Joule for Developers,ADM;#C&CA;#DCX,High,In Progress,Medium,XS (1-2 days),High,2 weeks
12,Architecture & Design,Performing architectural improvement suggestions,AI reviews architecture and suggests scalability and performance improvements,Proactively identifies bottlenecks | Reduces technical debt | Improves system resilience,Architect;#Business Analyst,Copilot for Microsoft 365;#Microsoft GitHub Copilot;#SAP Joule for Developers,ADM;#C&CA;#DCX,High,Under Review,High,XL (1+ months),Very High,2 weeks
13,Architecture & Design,Architecture design assistance with high-level prompts,AI interprets plain-language prompts to generate architecture diagrams,Lowers barrier to architecture design | Enables rapid prototyping | Reduces dependency on specialists,Architect;#Business Analyst;#Programmer,Copilot for Microsoft 365;#Microsoft GitHub Copilot,ADM;#C&CA,High,Under Review,Low,L (3-4 weeks),Low,20 weeks
14,Architecture & Design,UML diagram generation using PlantUML,AI generates PlantUML code from requirement descriptions,Automates diagram creation | Ensures consistency | Reduces manual effort,Architect;#Business Analyst;#Programmer,Copilot for Microsoft 365;#Microsoft GitHub Copilot;#SAP Joule for Developers,ADM;#C&CA;#DCX,High,Under Review,Low,L (3-4 weeks),Very High,12 weeks
15,Architecture & Design,Flow diagram and technical documentation creation,AI creates flow diagrams and accompanying technical docs from system descriptions,Accelerates technical documentation | Improves clarity | Reduces documentation backlog,Architect;#Business Analyst;#Programmer,Copilot for Microsoft 365;#Microsoft GitHub Copilot,ADM;#C&CA,Medium,Not Started,Low,XS (1-2 days),Low,16 weeks
16,Architecture & Design,API design and contract generation,AI generates OpenAPI/Swagger contracts from natural language descriptions,Speeds up API definition | Reduces miscommunication | Enables parallel development,Architect;#Business Analyst,Copilot for Microsoft 365;#Microsoft GitHub Copilot,ADM;#C&CA,High,In Progress,Medium,XS (1-2 days),Very High,8 weeks
17,Architecture & Design,Database schema design suggestions,AI suggests optimal database schemas based on data requirements,Reduces design iterations | Improves data integrity | Accelerates DB setup,Architect;#Business Analyst,Copilot for Microsoft 365;#Microsoft GitHub Copilot,ADM;#C&CA,Medium,Not Started,High,S (3-5 days),Low,2 weeks
18,Architecture & Design,Microservices decomposition recommendations,AI analyzes monolith and recommends microservice boundaries,Reduces migration risk | Improves scalability planning | Guides modernization,Architect;#Business Analyst,Copilot for Microsoft 365;#Microsoft GitHub Copilot,ADM;#C&CA;#DCX,High,On Hold,High,M (1-2 weeks),Very High,6 weeks
19,Architecture & Design,Cloud architecture blueprint generation,AI generates cloud-native architecture blueprints based on workload requirements,Reduces architecture planning time | Ensures cloud best practices | Improves cost estimation,Architect;#Business Analyst;#Programmer,Copilot for Microsoft 365;#Microsoft GitHub Copilot,ADM;#C&CA;#DCX,High,Completed,Low,XL (1+ months),Low,12 weeks
20,Architecture & Design,Technology stack recommendation,AI recommends optimal tech stack based on project requirements and constraints,Reduces decision paralysis | Aligns with industry trends | Improves team productivity,Architect;#Business Analyst,Copilot for Microsoft 365;#Microsoft GitHub Copilot,ADM;#C&CA;#DCX,High,Under Review,High,XL (1+ months),High,16 weeks
21,Design,Generation of wireframes from project descriptions,"AI converts project descriptions into wireframes, providing a visual starting point",Accelerates design process | Reduces design iterations | Improves stakeholder alignment,Designer;#Business Analyst,Copilot for Microsoft 365;#Amplifier,DCX;#C&CA;#ADM,Medium,In Progress,Medium,XS (1-2 days),Medium,2 weeks
22,Design,Automated creation of UI and UX designs,AI generates UI/UX designs based on best practices and user behavior data,Speeds up design creation | Ensures usability standards | Reduces designer effort,Designer;#Business Analyst,Copilot for Microsoft 365;#Amplifier;#Microsoft GitHub Copilot,DCX;#C&CA;#ADM,Medium,Under Review,Medium,S (3-5 days),Very High,20 weeks
23,Design,Pattern recognition in design elements for consistency,AI identifies and enforces consistent design patterns across the application,Maintains visual consistency | Reduces design errors | Improves brand compliance,Designer;#Business Analyst,Copilot for Microsoft 365;#Amplifier,DCX;#C&CA,High,Not Started,High,S (3-5 days),Low,16 weeks
24,Design,AI assistance in creating responsive design elements,AI generates responsive design components that adapt to different screen sizes,Automatically adapts to devices | Improves accessibility | Reduces manual responsive coding,Designer;#Business Analyst,Copilot for Microsoft 365;#Amplifier,DCX;#C&CA;#ADM,High,Not Started,Medium,L (3-4 weeks),High,4 weeks
25,Design,Business Analysis for design,AI analyzes business goals to inform design decisions,Aligns design with business objectives | Reduces rework | Improves stakeholder satisfaction,Designer;#Business Analyst,Copilot for Microsoft 365;#Amplifier,DCX;#C&CA;#ADM,Medium,On Hold,High,M (1-2 weeks),Very High,16 weeks
26,Design,Reverse Engineering of existing UI for documentation,AI scans existing UI and generates design documentation,Fills documentation gaps | Enables team onboarding | Reduces reverse engineering time,Designer;#Business Analyst,Copilot for Microsoft 365;#Amplifier;#Microsoft GitHub Copilot,DCX;#C&CA;#ADM,Medium,Under Review,High,XL (1+ months),Very High,16 weeks
27,Design,Technical/Functional Documentation for design,AI creates technical docs from design files and specifications,Reduces manual documentation | Improves accuracy | Accelerates handoff to development,Designer;#Business Analyst,Copilot for Microsoft 365;#Amplifier;#Microsoft GitHub Copilot,DCX;#C&CA;#ADM,Medium,Under Review,Medium,S (3-5 days),Medium,8 weeks
28,Design,Accessibility compliance checking in design,AI scans designs for WCAG compliance and suggests fixes,Ensures accessibility | Reduces legal risk | Improves user experience,Designer;#Business Analyst,Copilot for Microsoft 365;#Amplifier;#Microsoft GitHub Copilot,DCX;#C&CA;#ADM,Medium,In Progress,High,L (3-4 weeks),Low,6 weeks
29,Design,Design token generation for design systems,AI generates design tokens from brand guidelines for consistent theming,Standardizes design system | Reduces inconsistencies | Accelerates theming,Designer;#Business Analyst,Copilot for Microsoft 365;#Amplifier,DCX;#C&CA;#ADM,Medium,In Progress,Medium,XS (1-2 days),Medium,20 weeks
30,Design,Prototype generation from user stories,AI converts user stories into clickable prototypes for validation,Speeds up prototyping | Enables early user testing | Reduces misunderstandings,Designer;#Business Analyst,Copilot for Microsoft 365;#Amplifier;#Microsoft GitHub Copilot,DCX;#C&CA;#ADM,Medium,Completed,High,XS (1-2 days),Medium,8 weeks
31,Coding,Code Understanding,AI analyzes and explains complex codebases to developers,Reduces onboarding time | Improves code comprehension | Enables faster debugging,Programmer;#Business Analyst,Microsoft GitHub Copilot;#GitLab Duo,ADM;#C&CA,High,Completed,Medium,M (1-2 weeks),High,8 weeks
32,Coding,Code Quality analysis,"AI reviews code for quality issues, anti-patterns, and improvements",Improves code maintainability | Reduces technical debt | Ensures coding standards,Programmer;#Business Analyst,Microsoft GitHub Copilot;#GitLab Duo;#Copilot for Microsoft 365,ADM;#C&CA;#I&D,High,In Progress,High,L (3-4 weeks),High,16 weeks
33,Coding,Code Review assistance,AI provides automated code review suggestions before human review,Speeds up review process | Catches common issues | Reduces reviewer burden,Programmer;#Business Analyst,Microsoft GitHub Copilot;#GitLab Duo,ADM;#C&CA;#I&D,Medium,Not Started,Low,XS (1-2 days),High,2 weeks
34,Coding,Development acceleration,AI provides real-time code suggestions and completions during development,Increases developer productivity | Reduces syntax errors | Accelerates feature delivery,Programmer;#Business Analyst,Microsoft GitHub Copilot;#GitLab Duo;#Copilot for Microsoft 365,ADM;#C&CA;#I&D,High,Under Review,High,XL (1+ months),Very High,16 weeks
35,Coding,Code generation and refactoring prompts,AI generates boilerplate code and refactors existing code on demand,Reduces manual coding | Improves code quality | Accelerates development cycles,Programmer;#Business Analyst,Microsoft GitHub Copilot;#GitLab Duo;#Copilot for Microsoft 365,ADM;#C&CA;#I&D,High,Completed,Low,XL (1+ months),Medium,4 weeks
36,Coding,Retro-documentation from source code,AI generates documentation from existing source code,Fills documentation gaps | Reduces manual effort | Improves knowledge retention,Programmer;#Business Analyst,Microsoft GitHub Copilot;#GitLab Duo,ADM;#C&CA,High,On Hold,High,M (1-2 weeks),Medium,20 weeks
37,Coding,Unit test generation from function signatures,AI generates unit tests based on developer-written function signatures,Improves test coverage | Supports TDD | Reduces manual test writing,Programmer;#Business Analyst,Microsoft GitHub Copilot;#GitLab Duo;#Copilot for Microsoft 365,ADM;#C&CA;#I&D,High,On Hold,High,M (1-2 weeks),High,2 weeks
38,Coding,RegEx generation from natural language,AI generates regular expressions from plain-language descriptions,Reduces time on complex patterns | Minimizes syntax errors | Improves input validation,Programmer;#Business Analyst,Microsoft GitHub Copilot;#GitLab Duo;#Copilot for Microsoft 365,ADM;#C&CA;#I&D,High,Under Review,High,XL (1+ months),Very High,8 weeks
39,Coding,Code debugging with AI suggestions,AI analyzes runtime errors and suggests root-cause fixes,Speeds up debugging | Reduces downtime | Improves developer efficiency,Programmer;#Business Analyst,Microsoft GitHub Copilot;#GitLab Duo,ADM;#C&CA,High,On Hold,High,M (1-2 weeks),Medium,16 weeks
40,Coding,Technical debt identification and remediation,AI scans codebase for technical debt and prioritizes remediation,Reduces long-term maintenance cost | Improves code health | Enables proactive refactoring,Programmer;#Business Analyst,Microsoft GitHub Copilot;#GitLab Duo,ADM;#C&CA;#I&D,High,On Hold,Medium,XL (1+ months),Very High,8 weeks
41,Coding & Development,Code generation and refactoring with GitHub Copilot,AI accelerates development through intelligent code generation and refactoring,Reduces manual coding errors | Accelerates development cycles | Improves code maintainability,Programmer;#Organic Analyst,Microsoft GitHub Copilot;#GitLab Duo,ADM;#C&CA,High,Under Review,Medium,S (3-5 days),Low,20 weeks
42,Coding & Development,Retro-documentation from source code,AI generates technical documentation directly from source code analysis,Saves documentation time | Improves accuracy | Ensures documentation is current,Programmer;#Organic Analyst,Microsoft GitHub Copilot;#GitLab Duo,ADM;#C&CA,High,In Progress,Low,M (1-2 weeks),Very High,12 weeks
43,Coding & Development,Scripting automation with AI assistance,AI generates scripts for repetitive automation tasks in DevOps workflows,Streamlines DevOps workflows | Reduces scripting errors | Improves team productivity,Programmer;#Organic Analyst,Microsoft GitHub Copilot;#GitLab Duo,ADM;#C&CA,High,In Progress,Low,M (1-2 weeks),Very High,2 weeks
44,Coding & Development,Codebase onboarding and comprehension,AI helps new developers understand large codebases quickly,Reduces onboarding time | Boosts developer productivity | Improves team velocity,Programmer;#Organic Analyst,Microsoft GitHub Copilot;#GitLab Duo;#SAP Joule for Developers,ADM;#C&CA;#I&D;#PBS,Medium,Not Started,Medium,L (3-4 weeks),Very High,16 weeks
45,Coding & Development,Repetitive coding task automation,AI automates boilerplate and repetitive coding tasks,Automates repetitive tasks | Boosts developer productivity | Reduces human error,Programmer;#Organic Analyst,Microsoft GitHub Copilot;#GitLab Duo,ADM;#C&CA;#I&D;#PBS,High,In Progress,High,L (3-4 weeks),Medium,2 weeks
46,Coding & Development,Fuzz testing and edge case generation,AI generates edge cases and fuzz tests to improve software robustness,Accelerates integration testing | Improves software robustness | Enhances test coverage,Programmer;#Organic Analyst,Microsoft GitHub Copilot;#GitLab Duo;#SAP Joule for Developers,ADM;#C&CA;#I&D;#PBS,High,Under Review,Low,L (3-4 weeks),Medium,2 weeks
47,Coding & Development,AI-assisted merge conflict resolution,AI suggests resolutions for merge conflicts in version control,Reduces merge conflict resolution time | Minimizes integration issues | Improves collaboration,Programmer;#Organic Analyst,Microsoft GitHub Copilot;#GitLab Duo;#SAP Joule for Developers,ADM;#C&CA;#I&D;#PBS,High,On Hold,Low,S (3-5 days),Low,16 weeks
48,Coding & Development,Code smell detection and cleanup,AI identifies code smells and suggests targeted cleanup actions,Improves code readability | Reduces bugs | Accelerates code review,Programmer;#Organic Analyst,Microsoft GitHub Copilot;#GitLab Duo;#SAP Joule for Developers,ADM;#C&CA;#I&D;#PBS,High,Completed,High,XS (1-2 days),Very High,4 weeks
49,Coding & Development,Localization and internationalization support,AI assists in generating locale-specific code and translation files,Speeds up localization | Reduces translation errors | Improves global readiness,Programmer;#Organic Analyst,Microsoft GitHub Copilot;#GitLab Duo,ADM;#C&CA,Medium,Not Started,Low,XS (1-2 days),Low,12 weeks
50,Coding & Development,Dependency and vulnerability scanning,AI scans project dependencies for vulnerabilities and outdated packages,Reduces security risk | Ensures compliance | Automates dependency management,Programmer;#Organic Analyst,Microsoft GitHub Copilot;#GitLab Duo,ADM;#C&CA,High,In Progress,High,L (3-4 weeks),Very High,8 weeks
51,Testing & QA,Automated test case generation from requirements,AI generates test cases directly from requirement documents,Reduces test writing time | Improves coverage | Aligns tests with requirements,QA Engineer;#Programmer,Microsoft GitHub Copilot;#Copilot for Microsoft 365;#GitLab Duo,ADM;#C&CA;#I&D,High,Completed,Medium,M (1-2 weeks),Medium,4 weeks
52,Testing & QA,Test data generation for edge cases,AI generates diverse test data sets including boundary and edge cases,Improves test thoroughness | Reduces manual data creation | Catches edge case bugs,QA Engineer;#Programmer,Microsoft GitHub Copilot;#Copilot for Microsoft 365;#GitLab Duo,ADM;#C&CA;#I&D,High,On Hold,Medium,XL (1+ months),Low,8 weeks
53,Testing & QA,Regression test prioritization,AI prioritizes regression tests based on code change impact analysis,Reduces regression test time | Focuses effort on high-risk areas | Speeds up release cycles,QA Engineer;#Programmer,Microsoft GitHub Copilot;#Copilot for Microsoft 365;#GitLab Duo,ADM;#C&CA;#I&D,Medium,Not Started,High,S (3-5 days),Very High,6 weeks
54,Testing & QA,Performance test script generation,AI generates load and performance test scripts from user journey flows,Speeds up performance testing setup | Reduces scripting effort | Improves accuracy,QA Engineer;#Programmer,Microsoft GitHub Copilot;#Copilot for Microsoft 365,ADM;#C&CA,High,Completed,High,XS (1-2 days),High,8 weeks
55,Testing & QA,Bug report auto-classification and triage,AI classifies incoming bug reports and routes them to the right team,Reduces triage time | Improves bug routing | Accelerates resolution,QA Engineer;#Programmer;#Business Analyst,Microsoft GitHub Copilot;#Copilot for Microsoft 365;#GitLab Duo,ADM;#C&CA;#I&D,High,Under Review,Low,L (3-4 weeks),Very High,16 weeks
56,Testing & QA,Visual regression testing with AI,AI detects visual regressions by comparing UI screenshots across builds,Catches UI regressions automatically | Reduces manual visual testing | Improves UI reliability,QA Engineer;#Programmer,Microsoft GitHub Copilot;#Copilot for Microsoft 365,ADM;#C&CA,Medium,Not Started,Medium,L (3-4 weeks),Low,16 weeks
57,Testing & QA,Test coverage gap analysis,AI analyzes existing test suites and identifies untested code paths,Improves coverage | Reduces defect escape rate | Guides test writing effort,QA Engineer;#Programmer;#Business Analyst,Microsoft GitHub Copilot;#Copilot for Microsoft 365;#GitLab Duo,ADM;#C&CA;#I&D,High,Completed,Low,XL (1+ months),Very High,20 weeks
58,Testing & QA,Natural language test script authoring,AI converts plain-language test scenarios into executable test scripts,Lowers barrier to test automation | Enables BA-driven testing | Reduces QA setup time,QA Engineer;#Programmer,Microsoft GitHub Copilot;#Copilot for Microsoft 365,ADM;#C&CA,High,Completed,High,XS (1-2 days),High,8 weeks
59,Testing & QA,Defect prediction from code changes,AI predicts which code changes are likely to introduce defects,Reduces post-release defects | Guides QA focus | Improves release confidence,QA Engineer;#Programmer;#Business Analyst,Microsoft GitHub Copilot;#Copilot for Microsoft 365;#GitLab Duo,ADM;#C&CA;#I&D,High,In Progress,Low,M (1-2 weeks),Low,2 weeks
60,Testing & QA,API testing automation,AI generates and executes API test suites from API contracts,Speeds up API testing | Ensures contract compliance | Reduces manual test effort,QA Engineer;#Programmer,Microsoft GitHub Copilot;#Copilot for Microsoft 365,ADM;#C&CA;#I&D,High,Completed,High,XS (1-2 days),Low,2 weeks
61,Deployment & DevOps,AI-assisted CI/CD pipeline optimization,AI analyzes pipeline runs and recommends optimizations to reduce build times,Reduces build and deploy time | Improves pipeline reliability | Accelerates release cadence,DevOps Engineer;#Programmer;#Architect,Microsoft GitHub Copilot;#GitLab Duo,I&D;#ADM,Medium,Under Review,Low,L (3-4 weeks),Low,2 weeks
62,Deployment & DevOps,Infrastructure-as-Code generation,AI generates Terraform/Bicep/CloudFormation templates from architecture descriptions,Reduces IaC authoring time | Ensures best practices | Enables consistent environments,DevOps Engineer;#Programmer,Microsoft GitHub Copilot;#GitLab Duo;#SAP Joule for Developers,I&D;#ADM;#C&CA,Medium,On Hold,High,M (1-2 weeks),High,2 weeks
63,Deployment & DevOps,Deployment runbook generation,AI creates deployment runbooks from pipeline configurations and past deployments,Reduces deployment errors | Improves consistency | Accelerates onboarding of Ops teams,DevOps Engineer;#Programmer;#Architect,Microsoft GitHub Copilot;#GitLab Duo,I&D;#ADM,Medium,Under Review,Low,L (3-4 weeks),Low,20 weeks
64,Deployment & DevOps,Incident detection and alerting optimization,AI tunes alerting thresholds based on historical incident patterns,Reduces alert fatigue | Improves incident detection | Enables proactive monitoring,DevOps Engineer;#Programmer,Microsoft GitHub Copilot;#GitLab Duo;#SAP Joule for Developers,I&D;#ADM;#C&CA,Medium,In Progress,Medium,XS (1-2 days),Low,4 weeks
65,Deployment & DevOps,Log analysis and anomaly detection,AI analyzes application logs to detect anomalies and predict failures,Reduces MTTR | Enables proactive remediation | Improves system stability,DevOps Engineer;#Programmer,Microsoft GitHub Copilot;#GitLab Duo;#SAP Joule for Developers,I&D;#ADM;#C&CA,Medium,In Progress,High,L (3-4 weeks),High,8 weeks
66,Deployment & DevOps,Container and Kubernetes configuration generation,AI generates Kubernetes YAML and Helm charts from service descriptions,Reduces configuration errors | Speeds up container setup | Improves deployment consistency,DevOps Engineer;#Programmer;#Architect,Microsoft GitHub Copilot;#GitLab Duo;#SAP Joule for Developers,I&D;#ADM;#C&CA,Medium,Under Review,Low,L (3-4 weeks),Very High,2 weeks
67,Deployment & DevOps,Release note generation from commit history,AI generates human-readable release notes from Git commit messages,Saves release documentation time | Improves communication | Ensures release traceability,DevOps Engineer;#Programmer,Microsoft GitHub Copilot;#GitLab Duo;#SAP Joule for Developers,I&D;#ADM;#C&CA,High,Not Started,Medium,L (3-4 weeks),Very High,2 weeks
68,Deployment & DevOps,Post-deployment validation automation,AI runs smoke tests and validates deployments automatically post-release,Reduces post-deploy issues | Speeds up validation | Improves release confidence,DevOps Engineer;#Programmer,Microsoft GitHub Copilot;#GitLab Duo,I&D;#ADM;#C&CA,High,Not Started,Medium,L (3-4 weeks),High,6 weeks
69,Deployment & DevOps,Cost optimization recommendations for cloud resources,AI analyzes cloud usage patterns and recommends cost-saving configurations,Reduces cloud spend | Improves resource utilization | Enables FinOps practices,DevOps Engineer;#Programmer,Microsoft GitHub Copilot;#GitLab Duo;#SAP Joule for Developers,I&D;#ADM;#C&CA,Medium,In Progress,High,L (3-4 weeks),High,6 weeks
70,Deployment & DevOps,Rollback strategy generation,AI generates automated rollback plans based on deployment history,Reduces downtime risk | Improves deployment safety | Enables faster recovery,DevOps Engineer;#Programmer,Microsoft GitHub Copilot;#GitLab Duo;#SAP Joule for Developers,I&D;#ADM;#C&CA,Medium,On Hold,High,M (1-2 weeks),High,8 weeks
71,Maintenance,Predictive maintenance using log analysis,AI monitors system logs to predict failures before they occur,Reduces unplanned downtime | Improves system reliability | Enables proactive maintenance,DevOps Engineer;#Programmer;#Organic Analyst,Copilot for Microsoft 365;#Microsoft GitHub Copilot;#SAP Joule for Developers,ADM;#I&D;#PBS,High,Not Started,Low,XS (1-2 days),Medium,8 weeks
72,Maintenance,Automated patch impact analysis,AI analyzes the impact of patches and updates on system stability,Reduces patching risk | Ensures compatibility | Speeds up patch deployment,DevOps Engineer;#Programmer;#Organic Analyst,Copilot for Microsoft 365;#Microsoft GitHub Copilot;#SAP Joule for Developers,ADM;#I&D;#PBS,Medium,Completed,Low,XL (1+ months),Medium,2 weeks
73,Maintenance,Knowledge base article generation from incidents,AI generates KB articles from resolved incident tickets automatically,Builds knowledge base automatically | Reduces repeat incidents | Improves self-service,DevOps Engineer;#Programmer,Copilot for Microsoft 365;#Microsoft GitHub Copilot;#SAP Joule for Developers,ADM;#I&D;#PBS,Medium,On Hold,Medium,XL (1+ months),Low,4 weeks
74,Maintenance,Legacy code modernization recommendations,AI analyzes legacy code and recommends modernization strategies,Reduces technical debt | Extends system life | Lowers maintenance cost,DevOps Engineer;#Programmer,Copilot for Microsoft 365;#Microsoft GitHub Copilot,ADM;#I&D,Medium,In Progress,High,L (3-4 weeks),Very High,12 weeks
75,Maintenance,Performance degradation root cause analysis,AI identifies root causes of performance degradation from telemetry data,Reduces MTTR | Improves system performance | Enables data-driven optimization,DevOps Engineer;#Programmer,Copilot for Microsoft 365;#Microsoft GitHub Copilot,ADM;#I&D,High,Not Started,Medium,L (3-4 weeks),Low,2 weeks
76,Maintenance,Automated SLA compliance monitoring,AI monitors service metrics against SLA thresholds and raises alerts,Ensures SLA compliance | Reduces manual monitoring | Improves client satisfaction,DevOps Engineer;#Programmer,Copilot for Microsoft 365;#Microsoft GitHub Copilot,ADM;#I&D;#PBS,Medium,Under Review,High,XL (1+ months),High,20 weeks
77,Maintenance,Dependency lifecycle management,AI tracks dependency versions and flags end-of-life components proactively,Reduces security vulnerabilities | Ensures compliance | Prevents surprise EOL issues,DevOps Engineer;#Programmer,Copilot for Microsoft 365;#Microsoft GitHub Copilot;#SAP Joule for Developers,ADM;#I&D;#PBS,Medium,On Hold,High,M (1-2 weeks),Low,20 weeks
78,Maintenance,Change impact analysis for maintenance releases,AI predicts the impact of maintenance changes across dependent systems,Reduces change-related incidents | Improves change governance | Speeds up CAB approvals,DevOps Engineer;#Programmer,Copilot for Microsoft 365;#Microsoft GitHub Copilot,ADM;#I&D,Medium,Completed,Medium,M (1-2 weeks),High,12 weeks
79,Maintenance,Automated documentation refresh post-maintenance,AI updates technical documentation after maintenance changes,Keeps documentation current | Reduces manual update effort | Improves team knowledge,DevOps Engineer;#Programmer;#Organic Analyst,Copilot for Microsoft 365;#Microsoft GitHub Copilot;#SAP Joule for Developers,ADM;#I&D;#PBS,Medium,Under Review,Low,L (3-4 weeks),Very High,12 weeks
80,Maintenance,Service health dashboard generation,AI synthesizes telemetry data into a real-time service health dashboard,Improves visibility | Enables proactive action | Reduces monitoring effort,DevOps Engineer;#Programmer,Copilot for Microsoft 365;#Microsoft GitHub Copilot,ADM;#I&D;#PBS,Medium,Under Review,High,XL (1+ months),High,16 weeks
81,Project Management,AI-assisted project plan generation,"AI generates project plans including tasks, timelines, and dependencies from scope documents",Reduces planning time | Improves plan accuracy | Enables faster project kick-off,Project Manager;#Scrum Master,Copilot for Microsoft 365;#SAP Joule for Consultants,ADM;#PBS,High,Under Review,Medium,S (3-5 days),Low,2 weeks
82,Project Management,Automated status report generation,AI synthesizes team updates and generates weekly/monthly status reports,Saves PM reporting time | Improves report consistency | Ensures stakeholder visibility,Project Manager;#Scrum Master,Copilot for Microsoft 365;#SAP Joule for Consultants;#Amplifier,ADM;#PBS;#C&CA,High,In Progress,Medium,XS (1-2 days),Low,20 weeks
83,Project Management,Risk register auto-population,AI identifies project risks from scope and history and populates the risk register,Reduces risk identification effort | Improves risk coverage | Enables proactive mitigation,Project Manager;#Scrum Master;#Business Analyst,Copilot for Microsoft 365;#SAP Joule for Consultants,ADM;#PBS;#C&CA,Medium,Not Started,Low,XS (1-2 days),High,6 weeks
84,Project Management,Resource allocation optimization,"AI recommends optimal resource allocation based on skills, availability, and project needs",Improves resource utilization | Reduces bottlenecks | Enables capacity planning,Project Manager;#Scrum Master;#Business Analyst,Copilot for Microsoft 365;#SAP Joule for Consultants;#Amplifier,ADM;#PBS;#C&CA,High,On Hold,Low,S (3-5 days),High,4 weeks
85,Project Management,Sprint planning assistance,AI suggests sprint goals and story assignments based on team velocity and backlog,Improves sprint predictability | Reduces planning meeting time | Aligns delivery with goals,Project Manager;#Scrum Master;#Business Analyst,Copilot for Microsoft 365;#SAP Joule for Consultants;#Amplifier,ADM;#PBS;#C&CA,Medium,Not Started,Low,XS (1-2 days),Medium,16 weeks
86,Project Management,Meeting summary and action item extraction,AI transcribes meetings and extracts decisions and action items automatically,Reduces manual note-taking | Ensures action items are captured | Improves follow-through,Project Manager;#Scrum Master,Copilot for Microsoft 365;#SAP Joule for Consultants;#Amplifier,ADM;#PBS;#C&CA,High,In Progress,High,L (3-4 weeks),Low,8 weeks
87,Project Management,Effort estimation using historical data,AI estimates task effort by comparing to similar historical tasks,Improves estimate accuracy | Reduces under/over-estimation | Builds institutional knowledge,Project Manager;#Scrum Master,Copilot for Microsoft 365;#SAP Joule for Consultants;#Amplifier,ADM;#PBS;#C&CA,High,In Progress,Medium,XS (1-2 days),Low,6 weeks
88,Project Management,Dependency and critical path analysis,AI identifies project dependencies and highlights critical path in real time,Reduces schedule risk | Enables proactive delay mitigation | Improves delivery predictability,Project Manager;#Scrum Master,Copilot for Microsoft 365;#SAP Joule for Consultants;#Amplifier,ADM;#PBS;#C&CA,High,Under Review,High,XL (1+ months),Very High,12 weeks
89,Project Management,Stakeholder communication drafting,AI drafts stakeholder communications and escalation emails from project context,Saves PM communication time | Improves message clarity | Ensures consistent tone,Project Manager;#Scrum Master,Copilot for Microsoft 365;#SAP Joule for Consultants;#Amplifier,ADM;#PBS;#C&CA,High,In Progress,High,L (3-4 weeks),Low,12 weeks
90,Project Management,Change request impact analysis,"AI analyzes change requests and predicts impact on scope, timeline, and budget",Accelerates change assessment | Reduces scope creep | Improves decision-making,Project Manager;#Scrum Master,Copilot for Microsoft 365;#SAP Joule for Consultants;#Amplifier,ADM;#PBS;#C&CA,High,Under Review,Medium,S (3-5 days),Medium,8 weeks
91,Security & Compliance,Static application security testing (SAST) with AI,AI performs static code analysis to detect security vulnerabilities early,Reduces security vulnerabilities | Shifts security left | Improves code safety,Security Analyst;#Programmer,Microsoft GitHub Copilot;#Copilot for Microsoft 365,ADM;#C&CA;#I&D;#DCX,High,On Hold,Medium,XL (1+ months),Very High,16 weeks
92,Security & Compliance,Threat modeling automation,AI generates threat models from architecture diagrams and data flow diagrams,Reduces threat modeling effort | Ensures comprehensive threat coverage | Improves security posture,Security Analyst;#Programmer,Microsoft GitHub Copilot;#Copilot for Microsoft 365;#GitLab Duo,ADM;#C&CA;#I&D;#DCX,High,Under Review,Medium,S (3-5 days),Medium,4 weeks
93,Security & Compliance,Compliance policy gap analysis,AI compares system configurations against regulatory frameworks like GDPR and ISO 27001,Ensures regulatory compliance | Reduces audit effort | Identifies gaps proactively,Security Analyst;#Programmer,Microsoft GitHub Copilot;#Copilot for Microsoft 365;#GitLab Duo,ADM;#C&CA;#I&D;#DCX,High,On Hold,High,M (1-2 weeks),High,16 weeks
94,Security & Compliance,Security incident response playbook generation,AI generates incident response playbooks from threat intelligence and past incidents,Speeds up incident response | Reduces human error | Improves team preparedness,Security Analyst;#Programmer,Microsoft GitHub Copilot;#Copilot for Microsoft 365,ADM;#C&CA;#I&D;#DCX,High,On Hold,Medium,XL (1+ months),Very High,20 weeks
95,Security & Compliance,Vulnerability prioritization using AI,AI ranks vulnerabilities by exploitability and business impact for prioritized remediation,Focuses remediation on critical issues | Reduces risk exposure | Improves security ROI,Security Analyst;#Programmer;#Architect,Microsoft GitHub Copilot;#Copilot for Microsoft 365;#GitLab Duo,ADM;#C&CA;#I&D;#DCX,High,In Progress,Low,M (1-2 weeks),Low,20 weeks
96,Security & Compliance,Data privacy impact assessment assistance,AI assists in conducting DPIAs by identifying personal data flows and risks,Ensures GDPR/privacy compliance | Reduces assessment time | Improves data governance,Security Analyst;#Programmer;#Architect,Microsoft GitHub Copilot;#Copilot for Microsoft 365;#GitLab Duo,ADM;#C&CA;#I&D;#DCX,High,In Progress,Low,M (1-2 weeks),High,16 weeks
97,Security & Compliance,Security code review automation,AI reviews code for security anti-patterns and OWASP Top 10 vulnerabilities,Reduces manual security review time | Catches common vulnerabilities | Improves developer security awareness,Security Analyst;#Programmer,Microsoft GitHub Copilot;#Copilot for Microsoft 365;#GitLab Duo,ADM;#C&CA;#I&D;#DCX,High,In Progress,Medium,XS (1-2 days),Low,6 weeks
98,Security & Compliance,Access control policy recommendation,AI recommends least-privilege access policies based on role analysis,Reduces access risk | Improves access governance | Ensures principle of least privilege,Security Analyst;#Programmer,Microsoft GitHub Copilot;#Copilot for Microsoft 365,ADM;#C&CA;#I&D;#DCX,High,In Progress,High,L (3-4 weeks),Medium,8 weeks
99,Security & Compliance,Audit log analysis for anomaly detection,AI analyzes audit logs to detect unauthorized access and suspicious activity,Improves security monitoring | Reduces breach detection time | Enables forensic investigation,Security Analyst;#Programmer;#Architect,Microsoft GitHub Copilot;#Copilot for Microsoft 365,ADM;#C&CA;#I&D;#DCX,High,In Progress,Low,M (1-2 weeks),Medium,6 weeks
100,Security & Compliance,Security training content personalization,AI personalizes security training modules based on developer role and past vulnerabilities,Improves security awareness | Reduces training time | Targets learning to actual risks,Security Analyst;#Programmer;#Architect,Microsoft GitHub Copilot;#Copilot for Microsoft 365;#GitLab Duo,ADM;#C&CA;#I&D;#DCX,Medium,Not Started,Low,XS (1-2 days),Very High,6 weeks
101,Data & Analytics,Automated data pipeline generation,AI generates ETL/ELT pipeline code from data source and target definitions,Reduces pipeline development time | Ensures data consistency | Accelerates analytics delivery,Data Analyst;#Business Analyst;#Programmer,Copilot for Microsoft 365;#Amplifier;#SAP Joule for Consultants,C&CA;#DCX;#PBS;#ADM,Medium,Completed,Low,XL (1+ months),Very High,16 weeks
102,Data & Analytics,Data quality monitoring and anomaly detection,AI monitors data pipelines for quality issues and flags anomalies in real time,Improves data quality | Reduces downstream errors | Enables proactive data governance,Data Analyst;#Business Analyst,Copilot for Microsoft 365;#Amplifier,C&CA;#DCX;#PBS;#ADM,Medium,In Progress,Medium,XS (1-2 days),Medium,20 weeks
103,Data & Analytics,Natural language querying of databases,AI translates natural language questions into SQL queries for non-technical users,Democratizes data access | Reduces dependency on data teams | Accelerates insight generation,Data Analyst;#Business Analyst,Copilot for Microsoft 365;#Amplifier;#SAP Joule for Consultants,C&CA;#DCX;#PBS;#ADM,Medium,Under Review,Medium,S (3-5 days),Medium,6 weeks
104,Data & Analytics,Automated insight generation from dashboards,AI analyzes dashboard metrics and generates narrative insights automatically,Reduces manual analysis | Surfaces hidden insights | Accelerates decision-making,Data Analyst;#Business Analyst,Copilot for Microsoft 365;#Amplifier;#SAP Joule for Consultants,C&CA;#DCX;#PBS;#ADM,Medium,On Hold,High,M (1-2 weeks),Low,12 weeks
105,Data & Analytics,Data lineage documentation automation,AI traces data lineage across systems and generates lineage documentation,Improves data governance | Enables impact analysis | Supports compliance requirements,Data Analyst;#Business Analyst,Copilot for Microsoft 365;#Amplifier;#SAP Joule for Consultants,C&CA;#DCX;#PBS;#ADM,Medium,On Hold,High,M (1-2 weeks),High,6 weeks
106,Data & Analytics,Predictive analytics model generation,AI generates predictive models from historical project and operational data,Enables data-driven decision-making | Improves forecast accuracy | Reduces analytical effort,Data Analyst;#Business Analyst,Copilot for Microsoft 365;#Amplifier,C&CA;#DCX;#PBS;#ADM,Medium,On Hold,Medium,XL (1+ months),Very High,2 weeks
107,Data & Analytics,Report generation from raw data using AI,AI generates formatted reports with charts and narratives from raw data inputs,Saves reporting time | Improves report quality | Ensures consistency,Data Analyst;#Business Analyst,Copilot for Microsoft 365;#Amplifier;#SAP Joule for Consultants,C&CA;#DCX;#PBS;#ADM,Medium,Under Review,Medium,S (3-5 days),Very High,6 weeks
108,Data & Analytics,Data catalog auto-population,AI scans data sources and auto-populates the enterprise data catalog,Reduces manual cataloging | Improves data discoverability | Enables self-service analytics,Data Analyst;#Business Analyst,Copilot for Microsoft 365;#Amplifier,C&CA;#DCX;#PBS;#ADM,High,Not Started,Medium,L (3-4 weeks),High,16 weeks
109,Data & Analytics,KPI definition and tracking assistance,AI recommends KPIs based on business goals and sets up tracking automatically,Aligns metrics with strategy | Reduces KPI definition effort | Ensures consistent measurement,Data Analyst;#Business Analyst,Copilot for Microsoft 365;#Amplifier;#SAP Joule for Consultants,C&CA;#DCX;#PBS;#ADM,Medium,Completed,High,XS (1-2 days),Very High,16 weeks
110,Data & Analytics,Customer behavior pattern analysis,AI identifies behavioral patterns from user interaction data to inform product decisions,Improves product decisions | Reduces analysis time | Enables personalization strategies,Data Analyst;#Business Analyst,Copilot for Microsoft 365;#Amplifier;#SAP Joule for Consultants,C&CA;#DCX;#PBS;#ADM,Medium,On Hold,Medium,XL (1+ months),High,2 weeks
